<Module>
    <Name value="Just Let Me Fight!"/>
    <Id value="LetMeFight"/>
    <Version value="v1.3.10.10"/>
    <SingleplayerModule value="true"/>
    <MultiplayerModule value="false"/>
    <DependedModules>
        <DependedModule Id="Native"/>
        <DependedModule Id="SandBoxCore"/>
        <DependedModule Id="Sandbox"/>
        <DependedModule Id="CustomBattle"/>
        <DependedModule Id="StoryMode" />
    </DependedModules>
    <SubModules>
        <SubModule>
            <Name value="LetMeFight"/>
            <DLLName value="LetMeFight.dll"/>
            <SubModuleClassType value="LetMeFight.Main"/>
            <Tags>
                <Tag key="DedicatedServerType" value="none" />
                <Tag key="IsNoRenderModeElement" value="false" />
            </Tags>
        </SubModule>
    </SubModules>
    <Xmls/>
</Module>
